Name,Species,Gender,Personality,Hobby,Birthday,Photo Image
Admiral,Bird,Male,Cranky,Nature,1/27,https://acnhcdn.com/latest/NpcBromide/NpcNmlBrd06.png
Agent S,Squirrel,Female,Peppy,Fitness,7/2,https://acnhcdn.com/latest/NpcBromide/NpcNmlSqu05.png
Agnes,Pig,Female,Big Sister,Play,4/21,https://acnhcdn.com/latest/NpcBromide/NpcNmlPig17.png
Al,Gorilla,Male,Lazy,Fitness,10/18,https://acnhcdn.com/latest/NpcBromide/NpcNmlGor08.png
Alfonso,Alligator,Male,Lazy,Play,6/9,https://acnhcdn.com/latest/NpcBromide/NpcNmlCrd00.png
Alice,Koala,Female,Normal,Education,8/19,https://acnhcdn.com/latest/NpcBromide/NpcNmlKal01.png
Alli,Alligator,Female,Snooty,Fashion,11/8,https://acnhcdn.com/latest/NpcBromide/NpcNmlCrd01.png
Amelia,Eagle,Female,Snooty,Music,11/19,https://acnhcdn.com/latest/NpcBromide/NpcNmlPbr01.png
Anabelle,Anteater,Female,Peppy,Fashion,2/16,https://acnhcdn.com/latest/NpcBromide/NpcNmlAnt03.png
Anchovy,Bird,Male,Lazy,Play,3/4,https://acnhcdn.com/latest/NpcBromide/NpcNmlBrd02.png
Angus,Bull,Male,Cranky,Fitness,4/30,https://acnhcdn.com/latest/NpcBromide/NpcNmlBul00.png
Anicotti,Mouse,Female,Peppy,Fashion,2/24,https://acnhcdn.com/latest/NpcBromide/NpcNmlMus10.png
Ankha,Cat,Female,Snooty,Nature,9/22,https://acnhcdn.com/latest/NpcBromide/NpcNmlCat19.png
Annalisa,Anteater,Female,Normal,Nature,2/6,https://acnhcdn.com/latest/NpcBromide/NpcNmlAnt08.png
Annalise,Horse,Female,Snooty,Fashion,12/2,https://acnhcdn.com/latest/NpcBromide/NpcNmlHrs09.png
Antonio,Anteater,Male,Jock,Fitness,10/20,https://acnhcdn.com/latest/NpcBromide/NpcNmlAnt01.png
Apollo,Eagle,Male,Cranky,Music,7/4,https://acnhcdn.com/latest/NpcBromide/NpcNmlPbr00.png
Apple,Hamster,Female,Peppy,Play,9/24,https://acnhcdn.com/latest/NpcBromide/NpcNmlHam01.png
Astrid,Kangaroo,Female,Snooty,Music,9/8,https://acnhcdn.com/latest/NpcBromide/NpcNmlKgr05.png
Audie,Wolf,Female,Peppy,Fitness,8/31,https://acnhcdn.com/latest/NpcBromide/NpcNmlWol12.png
Aurora,Penguin,Female,Normal,Education,1/27,https://acnhcdn.com/latest/NpcBromide/NpcNmlPgn00.png
Ava,Chicken,Female,Normal,Music,4/28,https://acnhcdn.com/latest/NpcBromide/NpcNmlChn05.png
Avery,Eagle,Male,Cranky,Music,2/22,https://acnhcdn.com/latest/NpcBromide/NpcNmlPbr05.png
Axel,Elephant,Male,Jock,Fitness,3/23,https://acnhcdn.com/latest/NpcBromide/NpcNmlElp06.png
Baabara,Sheep,Female,Snooty,Fashion,3/28,https://acnhcdn.com/latest/NpcBromide/NpcNmlShp01.png
Bam,Deer,Male,Jock,Play,11/7,https://acnhcdn.com/latest/NpcBromide/NpcNmlDer01.png
Bangle,Tiger,Female,Peppy,Fashion,8/27,https://acnhcdn.com/latest/NpcBromide/NpcNmlTig03.png
Barold,Cub,Male,Lazy,Play,3/2,https://acnhcdn.com/latest/NpcBromide/NpcNmlCbr16.png
Bea,Dog,Female,Normal,Nature,10/15,https://acnhcdn.com/latest/NpcBromide/NpcNmlDog10.png
Beardo,Bear,Male,Smug,Education,9/27,https://acnhcdn.com/latest/NpcBromide/NpcNmlBea13.png
Beau,Deer,Male,Lazy,Nature,4/5,https://acnhcdn.com/latest/NpcBromide/NpcNmlDer07.png
Becky,Chicken,Female,Snooty,Music,12/9,https://acnhcdn.com/latest/NpcBromide/NpcNmlChn09.png
Bella,Mouse,Female,Peppy,Music,12/28,https://acnhcdn.com/latest/NpcBromide/NpcNmlMus02.png
Benedict,Chicken,Male,Lazy,Play,10/10,https://acnhcdn.com/latest/NpcBromide/NpcNmlChn01.png
Benjamin,Dog,Male,Lazy,Nature,8/3,https://acnhcdn.com/latest/NpcBromide/NpcNmlDog16.png
Bertha,Hippo,Female,Normal,Education,4/25,https://acnhcdn.com/latest/NpcBromide/NpcNmlHip03.png
Bettina,Mouse,Female,Normal,Education,6/12,https://acnhcdn.com/latest/NpcBromide/NpcNmlMus15.png
Bianca,Tiger,Female,Peppy,Play,12/13,https://acnhcdn.com/latest/NpcBromide/NpcNmlTig06.png
Biff,Hippo,Male,Jock,Fitness,3/29,https://acnhcdn.com/latest/NpcBromide/NpcNmlHip04.png
Big Top,Elephant,Male,Lazy,Play,10/3,https://acnhcdn.com/latest/NpcBromide/NpcNmlElp02.png
Bill,Duck,Male,Jock,Play,2/1,https://acnhcdn.com/latest/NpcBromide/NpcNmlDuk00.png
Billy,Goat,Male,Jock,Play,3/25,https://acnhcdn.com/latest/NpcBromide/NpcNmlGoa02.png
Biskit,Dog,Male,Lazy,Play,5/13,https://acnhcdn.com/latest/NpcBromide/NpcNmlDog03.png
Bitty,Hippo,Female,Snooty,Education,10/6,https://acnhcdn.com/latest/NpcBromide/NpcNmlHip05.png
Blaire,Squirrel,Female,Snooty,Fashion,7/3,https://acnhcdn.com/latest/NpcBromide/NpcNmlSqu01.png
Blanche,Ostrich,Female,Snooty,Nature,12/21,https://acnhcdn.com/latest/NpcBromide/NpcNmlOst08.png
Bluebear,Cub,Female,Peppy,Fashion,6/24,https://acnhcdn.com/latest/NpcBromide/NpcNmlCbr00.png
Bob,Cat,Male,Lazy,Play,1/1,https://acnhcdn.com/latest/NpcBromide/NpcNmlCat00.png
Bonbon,Rabbit,Female,Peppy,Play,3/3,https://acnhcdn.com/latest/NpcBromide/NpcNmlRbt17.png
Bones,Dog,Male,Lazy,Play,8/4,https://acnhcdn.com/latest/NpcBromide/NpcNmlDog04.png
Boomer,Penguin,Male,Lazy,Fitness,2/7,https://acnhcdn.com/latest/NpcBromide/NpcNmlPgn10.png
Boone,Gorilla,Male,Jock,Fitness,9/12,https://acnhcdn.com/latest/NpcBromide/NpcNmlGor02.png
Boots,Alligator,Male,Jock,Play,8/7,https://acnhcdn.com/latest/NpcBromide/NpcNmlCrd02.png
Boris,Pig,Male,Cranky,Nature,11/6,https://acnhcdn.com/latest/NpcBromide/NpcNmlPig09.png
Boyd,Gorilla,Male,Cranky,Fitness,10/1,https://acnhcdn.com/latest/NpcBromide/NpcNmlGor05.png
Bree,Mouse,Female,Snooty,Fashion,7/7,https://acnhcdn.com/latest/NpcBromide/NpcNmlMus03.png
Broccolo,Mouse,Male,Lazy,Play,6/30,https://acnhcdn.com/latest/NpcBromide/NpcNmlMus12.png
Broffina,Chicken,Female,Snooty,Music,10/24,https://acnhcdn.com/latest/NpcBromide/NpcNmlChn12.png
Bruce,Deer,Male,Cranky,Nature,5/26,https://acnhcdn.com/latest/NpcBromide/NpcNmlDer03.png
Bubbles,Hippo,Female,Peppy,Fashion,9/18,https://acnhcdn.com/latest/NpcBromide/NpcNmlHip02.png
Buck,Horse,Male,Jock,Fitness,4/4,https://acnhcdn.com/latest/NpcBromide/NpcNmlHrs00.png
Bud,Lion,Male,Jock,Fitness,8/8,https://acnhcdn.com/latest/NpcBromide/NpcNmlLon00.png
Bunnie,Rabbit,Female,Peppy,Fashion,5/9,https://acnhcdn.com/latest/NpcBromide/NpcNmlRbt00.png
Butch,Dog,Male,Cranky,Music,11/1,https://acnhcdn.com/latest/NpcBromide/NpcNmlDog01.png
Buzz,Eagle,Male,Cranky,Nature,12/7,https://acnhcdn.com/latest/NpcBromide/NpcNmlPbr03.png
Cally,Squirrel,Female,Normal,Nature,9/4,https://acnhcdn.com/latest/NpcBromide/NpcNmlSqu11.png
Camofrog,Frog,Male,Cranky,Music,6/5,https://acnhcdn.com/latest/NpcBromide/NpcNmlFlg03.png
Canberra,Koala,Female,Big Sister,Play,5/14,https://acnhcdn.com/latest/NpcBromide/NpcNmlKal08.png
Candi,Mouse,Female,Peppy,Play,4/13,https://acnhcdn.com/latest/NpcBromide/NpcNmlMus08.png
Carmen,Rabbit,Female,Peppy,Fashion,1/6,https://acnhcdn.com/latest/NpcBromide/NpcNmlRbt16.png
Caroline,Squirrel,Female,Normal,Music,7/15,https://acnhcdn.com/latest/NpcBromide/NpcNmlSqu06.png
Carrie,Kangaroo,Female,Normal,Nature,12/5,https://acnhcdn.com/latest/NpcBromide/NpcNmlKgr02.png
Cashmere,Sheep,Female,Snooty,Fashion,4/2,https://acnhcdn.com/latest/NpcBromide/NpcNmlShp04.png
Celia,Eagle,Female,Normal,Nature,3/25,https://acnhcdn.com/latest/NpcBromide/NpcNmlPbr09.png
Cesar,Gorilla,Male,Cranky,Fitness,9/6,https://acnhcdn.com/latest/NpcBromide/NpcNmlGor00.png
Chadder,Mouse,Male,Smug,Fitness,12/15,https://acnhcdn.com/latest/NpcBromide/NpcNmlMus18.png
Charlise,Bear,Female,Big Sister,Fitness,4/17,https://acnhcdn.com/latest/NpcBromide/NpcNmlBea12.png
Cheri,Cub,Female,Peppy,Fashion,3/17,https://acnhcdn.com/latest/NpcBromide/NpcNmlCbr10.png
Cherry,Dog,Female,Big Sister,Music,5/11,https://acnhcdn.com/latest/NpcBromide/NpcNmlDog17.png
Chester,Cub,Male,Lazy,Play,8/6,https://acnhcdn.com/latest/NpcBromide/NpcNmlCbr15.png
Chevre,Goat,Female,Normal,Education,3/6,https://acnhcdn.com/latest/NpcBromide/NpcNmlGoa00.png
Chief,Wolf,Male,Cranky,Music,12/19,https://acnhcdn.com/latest/NpcBromide/NpcNmlWol00.png
Chops,Pig,Male,Smug,Education,10/13,https://acnhcdn.com/latest/NpcBromide/NpcNmlPig14.png
Chow,Bear,Male,Cranky,Fitness,7/22,https://acnhcdn.com/latest/NpcBromide/NpcNmlBea03.png
Chrissy,Rabbit,Female,Peppy,Fashion,8/28,https://acnhcdn.com/latest/NpcBromide/NpcNmlRbt13.png
Claude,Rabbit,Male,Lazy,Nature,12/3,https://acnhcdn.com/latest/NpcBromide/NpcNmlRbt11.png
Claudia,Tiger,Female,Snooty,Music,11/22,https://acnhcdn.com/latest/NpcBromide/NpcNmlTig05.png
Clay,Hamster,Male,Lazy,Nature,10/19,https://acnhcdn.com/latest/NpcBromide/NpcNmlHam05.png
Cleo,Horse,Female,Snooty,Education,2/9,https://acnhcdn.com/latest/NpcBromide/NpcNmlHrs07.png
Clyde,Horse,Male,Lazy,Play,5/1,https://acnhcdn.com/latest/NpcBromide/NpcNmlHrs10.png
Coach,Bull,Male,Jock,Fitness,4/29,https://acnhcdn.com/latest/NpcBromide/NpcNmlBul07.png
Cobb,Pig,Male,Jock,Education,10/7,https://acnhcdn.com/latest/NpcBromide/NpcNmlPig08.png
Coco,Rabbit,Female,Normal,Education,3/1,https://acnhcdn.com/latest/NpcBromide/NpcNmlRbt02.png
Cole,Rabbit,Male,Lazy,Nature,8/10,https://acnhcdn.com/latest/NpcBromide/NpcNmlRbt18.png
Colton,Horse,Male,Smug,Nature,5/22,https://acnhcdn.com/latest/NpcBromide/NpcNmlHrs11.png
Cookie,Dog,Female,Peppy,Fashion,6/18,https://acnhcdn.com/latest/NpcBromide/NpcNmlDog08.png
Cousteau,Frog,Male,Jock,Fitness,12/17,https://acnhcdn.com/latest/NpcBromide/NpcNmlFlg10.png
Cranston,Ostrich,Male,Lazy,Nature,9/23,https://acnhcdn.com/latest/NpcBromide/NpcNmlOst06.png
Croque,Frog,Male,Cranky,Nature,7/18,https://acnhcdn.com/latest/NpcBromide/NpcNmlFlg17.png
Cube,Penguin,Male,Lazy,Play,1/29,https://acnhcdn.com/latest/NpcBromide/NpcNmlPgn02.png
Curlos,Sheep,Male,Smug,Nature,5/8,https://acnhcdn.com/latest/NpcBromide/NpcNmlShp08.png
Curly,Pig,Male,Jock,Fitness,7/26,https://acnhcdn.com/latest/NpcBromide/NpcNmlPig00.png
Curt,Bear,Male,Cranky,Nature,7/1,https://acnhcdn.com/latest/NpcBromide/NpcNmlBea02.png
Cyd,Elephant,Male,Cranky,Music,6/9,https://acnhcdn.com/latest/NpcBromide/NpcNmlElp12.png
Cyrano,Anteater,Male,Cranky,Education,3/9,https://acnhcdn.com/latest/NpcBromide/NpcNmlAnt00.png
Daisy,Dog,Female,Normal,Education,11/16,https://acnhcdn.com/latest/NpcBromide/NpcNmlDog07.png
Deena,Duck,Female,Normal,Education,6/27,https://acnhcdn.com/latest/NpcBromide/NpcNmlDuk04.png
Deirdre,Deer,Female,Big Sister,Play,5/4,https://acnhcdn.com/latest/NpcBromide/NpcNmlDer04.png
Del,Alligator,Male,Cranky,Fitness,5/27,https://acnhcdn.com/latest/NpcBromide/NpcNmlCrd04.png
Deli,Monkey,Male,Lazy,Nature,5/24,https://acnhcdn.com/latest/NpcBromide/NpcNmlMnk08.png
Derwin,Duck,Male,Lazy,Play,5/25,https://acnhcdn.com/latest/NpcBromide/NpcNmlDuk08.png
Diana,Deer,Female,Snooty,Education,1/4,https://acnhcdn.com/latest/NpcBromide/NpcNmlDer08.png
Diva,Frog,Female,Big Sister,Fitness,10/2,https://acnhcdn.com/latest/NpcBromide/NpcNmlFlg18.png
Dizzy,Elephant,Male,Lazy,Play,7/14,https://acnhcdn.com/latest/NpcBromide/NpcNmlElp01.png
Dobie,Wolf,Male,Cranky,Nature,2/17,https://acnhcdn.com/latest/NpcBromide/NpcNmlWol04.png
Doc,Rabbit,Male,Lazy,Education,3/16,https://acnhcdn.com/latest/NpcBromide/NpcNmlRbt10.png
Dom,Sheep,Male,Jock,Play,3/18,https://acnhcdn.com/latest/NpcBromide/NpcNmlShp15.png
Dora,Mouse,Female,Normal,Education,2/18,https://acnhcdn.com/latest/NpcBromide/NpcNmlMus00.png
Dotty,Rabbit,Female,Peppy,Fashion,3/14,https://acnhcdn.com/latest/NpcBromide/NpcNmlRbt01.png
Drago,Alligator,Male,Lazy,Nature,2/12,https://acnhcdn.com/latest/NpcBromide/NpcNmlCrd08.png
Drake,Duck,Male,Lazy,Play,6/25,https://acnhcdn.com/latest/NpcBromide/NpcNmlDuk09.png
Drift,Frog,Male,Jock,Fitness,10/9,https://acnhcdn.com/latest/NpcBromide/NpcNmlFlg04.png
Ed,Horse,Male,Smug,Nature,9/16,https://acnhcdn.com/latest/NpcBromide/NpcNmlHrs06.png
Egbert,Chicken,Male,Lazy,Play,10/14,https://acnhcdn.com/latest/NpcBromide/NpcNmlChn02.png
Elise,Monkey,Female,Snooty,Fashion,3/21,https://acnhcdn.com/latest/NpcBromide/NpcNmlMnk05.png
Ellie,Elephant,Female,Normal,Nature,5/12,https://acnhcdn.com/latest/NpcBromide/NpcNmlElp07.png
Elmer,Horse,Male,Lazy,Play,10/5,https://acnhcdn.com/latest/NpcBromide/NpcNmlHrs03.png
Eloise,Elephant,Female,Snooty,Fashion,12/8,https://acnhcdn.com/latest/NpcBromide/NpcNmlElp03.png
Elvis,Lion,Male,Cranky,Education,7/23,https://acnhcdn.com/latest/NpcBromide/NpcNmlLon01.png
Erik,Deer,Male,Lazy,Nature,7/27,https://acnhcdn.com/latest/NpcBromide/NpcNmlDer09.png
Eugene,Koala,Male,Smug,Music,10/26,https://acnhcdn.com/latest/NpcBromide/NpcNmlKal10.png
Eunice,Sheep,Female,Normal,Fashion,4/3,https://acnhcdn.com/latest/NpcBromide/NpcNmlShp02.png
Fang,Wolf,Male,Cranky,Education,12/18,https://acnhcdn.com/latest/NpcBromide/NpcNmlWol06.png
Fauna,Deer,Female,Normal,Nature,3/26,https://acnhcdn.com/latest/NpcBromide/NpcNmlDer00.png
Felicity,Cat,Female,Peppy,Fashion,3/30,https://acnhcdn.com/latest/NpcBromide/NpcNmlCat17.png
Filbert,Squirrel,Male,Lazy,Nature,6/3,https://acnhcdn.com/latest/NpcBromide/NpcNmlSqu02.png
Flip,Monkey,Male,Jock,Music,11/21,https://acnhcdn.com/latest/NpcBromide/NpcNmlMnk06.png
Flo,Penguin,Female,Big Sister,Music,9/2,https://acnhcdn.com/latest/NpcBromide/NpcNmlPgn13.png
Flora,Ostrich,Female,Peppy,Play,2/9,https://acnhcdn.com/latest/NpcBromide/NpcNmlOst09.png
Flurry,Hamster,Female,Normal,Nature,1/30,https://acnhcdn.com/latest/NpcBromide/NpcNmlHam06.png
Francine,Rabbit,Female,Snooty,Fashion,1/22,https://acnhcdn.com/latest/NpcBromide/NpcNmlRbt12.png
Frank,Eagle,Male,Cranky,Education,7/30,https://acnhcdn.com/latest/NpcBromide/NpcNmlPbr06.png
Freckles,Duck,Female,Peppy,Fashion,2/19,https://acnhcdn.com/latest/NpcBromide/NpcNmlDuk07.png
Freya,Wolf,Female,Snooty,Fashion,12/14,https://acnhcdn.com/latest/NpcBromide/NpcNmlWol05.png
Friga,Penguin,Female,Snooty,Fashion,10/16,https://acnhcdn.com/latest/NpcBromide/NpcNmlPgn04.png
Frita,Sheep,Female,Big Sister,Music,7/16,https://acnhcdn.com/latest/NpcBromide/NpcNmlShp11.png
Frobert,Frog,Male,Jock,Fitness,2/8,https://acnhcdn.com/latest/NpcBromide/NpcNmlFlg02.png
Fuchsia,Deer,Female,Big Sister,Music,9/19,https://acnhcdn.com/latest/NpcBromide/NpcNmlDer06.png
Gabi,Rabbit,Female,Peppy,Fashion,12/16,https://acnhcdn.com/latest/NpcBromide/NpcNmlRbt05.png
Gala,Pig,Female,Normal,Education,3/5,https://acnhcdn.com/latest/NpcBromide/NpcNmlPig13.png
Gaston,Rabbit,Male,Cranky,Education,10/28,https://acnhcdn.com/latest/NpcBromide/NpcNmlRbt04.png
Gayle,Alligator,Female,Normal,Nature,5/17,https://acnhcdn.com/latest/NpcBromide/NpcNmlCrd07.png
Genji,Rabbit,Male,Jock,Fitness,1/21,https://acnhcdn.com/latest/NpcBromide/NpcNmlRbt08.png
Gigi,Frog,Female,Snooty,Fashion,8/11,https://acnhcdn.com/latest/NpcBromide/NpcNmlFlg16.png
Gladys,Ostrich,Female,Normal,Education,1/15,https://acnhcdn.com/latest/NpcBromide/NpcNmlOst01.png
Gloria,Duck,Female,Snooty,Fashion,8/12,https://acnhcdn.com/latest/NpcBromide/NpcNmlDuk15.png
Goldie,Dog,Female,Normal,Nature,12/27,https://acnhcdn.com/latest/NpcBromide/NpcNmlDog00.png
Gonzo,Koala,Male,Cranky,Nature,10/13,https://acnhcdn.com/latest/NpcBromide/NpcNmlKal04.png
Goose,Chicken,Male,Jock,Fitness,10/4,https://acnhcdn.com/latest/NpcBromide/NpcNmlChn00.png
Graham,Hamster,Male,Smug,Education,6/20,https://acnhcdn.com/latest/NpcBromide/NpcNmlHam02.png
Greta,Mouse,Female,Snooty,Education,9/5,https://acnhcdn.com/latest/NpcBromide/NpcNmlMus16.png
Grizzly,Bear,Male,Cranky,Education,7/31,https://acnhcdn.com/latest/NpcBromide/NpcNmlBea09.png
Groucho,Bear,Male,Cranky,Music,10/23,https://acnhcdn.com/latest/NpcBromide/NpcNmlBea06.png
Gruff,Goat,Male,Cranky,Music,8/29,https://acnhcdn.com/latest/NpcBromide/NpcNmlGoa04.png
Gwen,Penguin,Female,Snooty,Fashion,1/23,https://acnhcdn.com/latest/NpcBromide/NpcNmlPgn05.png
Hamlet,Hamster,Male,Jock,Play,5/30,https://acnhcdn.com/latest/NpcBromide/NpcNmlHam00.png
Hamphrey,Hamster,Male,Cranky,Nature,2/25,https://acnhcdn.com/latest/NpcBromide/NpcNmlHam07.png
Hans,Gorilla,Male,Smug,Fitness,12/5,https://acnhcdn.com/latest/NpcBromide/NpcNmlGor10.png
Harry,Hippo,Male,Cranky,Education,1/7,https://acnhcdn.com/latest/NpcBromide/NpcNmlHip08.png
Hazel,Squirrel,Female,Big Sister,Play,8/30,https://acnhcdn.com/latest/NpcBromide/NpcNmlSqu18.png
Henry,Frog,Male,Smug,Music,9/21,https://acnhcdn.com/latest/NpcBromide/NpcNmlFlg19.png
Hippeux,Hippo,Male,Smug,Education,10/15,https://acnhcdn.com/latest/NpcBromide/NpcNmlHip09.png
Hopkins,Rabbit,Male,Lazy,Nature,3/11,https://acnhcdn.com/latest/NpcBromide/NpcNmlRbt14.png
Hopper,Penguin,Male,Cranky,Music,4/6,https://acnhcdn.com/latest/NpcBromide/NpcNmlPgn03.png
Hornsby,Rhino,Male,Lazy,Nature,3/20,https://acnhcdn.com/latest/NpcBromide/NpcNmlRhn04.png
Huck,Frog,Male,Smug,Fitness,7/9,https://acnhcdn.com/latest/NpcBromide/NpcNmlFlg11.png
Hugh,Pig,Male,Lazy,Play,12/30,https://acnhcdn.com/latest/NpcBromide/NpcNmlPig03.png
Iggly,Penguin,Male,Jock,Fitness,11/2,https://acnhcdn.com/latest/NpcBromide/NpcNmlPgn11.png
Ike,Bear,Male,Cranky,Nature,5/16,https://acnhcdn.com/latest/NpcBromide/NpcNmlBea11.png
Jacob,Bird,Male,Lazy,Nature,8/24,https://acnhcdn.com/latest/NpcBromide/NpcNmlBrd11.png
Jacques,Bird,Male,Smug,Music,6/22,https://acnhcdn.com/latest/NpcBromide/NpcNmlBrd16.png
Jambette,Frog,Female,Normal,Fashion,10/27,https://acnhcdn.com/latest/NpcBromide/NpcNmlFlg13.png
Jay,Bird,Male,Jock,Fitness,7/17,https://acnhcdn.com/latest/NpcBromide/NpcNmlBrd00.png
Jeremiah,Frog,Male,Lazy,Play,7/8,https://acnhcdn.com/latest/NpcBromide/NpcNmlFlg07.png
Jitters,Bird,Male,Jock,Fitness,2/2,https://acnhcdn.com/latest/NpcBromide/NpcNmlBrd04.png
Joey,Duck,Male,Lazy,Play,1/3,https://acnhcdn.com/latest/NpcBromide/NpcNmlDuk01.png
Judy,Cub,Female,Snooty,Music,3/10,https://acnhcdn.com/latest/NpcBromide/NpcNmlCbr19.png
Julia,Ostrich,Female,Snooty,Education,7/31,https://acnhcdn.com/latest/NpcBromide/NpcNmlOst05.png
Julian,Horse,Male,Smug,Music,3/15,https://acnhcdn.com/latest/NpcBromide/NpcNmlHrs13.png
June,Cub,Female,Normal,Nature,5/21,https://acnhcdn.com/latest/NpcBromide/NpcNmlCbr13.png
Kabuki,Cat,Male,Cranky,Music,11/29,https://acnhcdn.com/latest/NpcBromide/NpcNmlCat09.png
Katt,Cat,Female,Big Sister,Music,4/27,https://acnhcdn.com/latest/NpcBromide/NpcNmlCat21.png
Keaton,Eagle,Male,Smug,Music,6/1,https://acnhcdn.com/latest/NpcBromide/NpcNmlPbr08.png
Ken,Chicken,Male,Smug,Education,12/23,https://acnhcdn.com/latest/NpcBromide/NpcNmlChn13.png
Ketchup,Duck,Female,Peppy,Play,7/27,https://acnhcdn.com/latest/NpcBromide/NpcNmlDuk13.png
Kevin,Pig,Male,Jock,Play,4/26,https://acnhcdn.com/latest/NpcBromide/NpcNmlPig15.png
Kid Cat,Cat,Male,Jock,Fitness,8/1,https://acnhcdn.com/latest/NpcBromide/NpcNmlCat10.png
Kidd,Goat,Male,Smug,Education,6/28,https://acnhcdn.com/latest/NpcBromide/NpcNmlGoa07.png
Kiki,Cat,Female,Normal,Education,10/8,https://acnhcdn.com/latest/NpcBromide/NpcNmlCat04.png
Kitt,Kangaroo,Female,Normal,Education,10/11,https://acnhcdn.com/latest/NpcBromide/NpcNmlKgr00.png
Kitty,Cat,Female,Snooty,Fashion,2/15,https://acnhcdn.com/latest/NpcBromide/NpcNmlCat14.png
Klaus,Bear,Male,Smug,Education,3/31,https://acnhcdn.com/latest/NpcBromide/NpcNmlBea14.png
Knox,Chicken,Male,Cranky,Education,11/23,https://acnhcdn.com/latest/NpcBromide/NpcNmlChn11.png
Kody,Cub,Male,Jock,Fitness,9/28,https://acnhcdn.com/latest/NpcBromide/NpcNmlCbr04.png
Kyle,Wolf,Male,Smug,Music,12/6,https://acnhcdn.com/latest/NpcBromide/NpcNmlWol10.png
Leonardo,Tiger,Male,Jock,Fitness,5/15,https://acnhcdn.com/latest/NpcBromide/NpcNmlTig04.png
Leopold,Lion,Male,Smug,Education,8/14,https://acnhcdn.com/latest/NpcBromide/NpcNmlLon04.png
Lily,Frog,Female,Normal,Education,2/4,https://acnhcdn.com/latest/NpcBromide/NpcNmlFlg00.png
Limberg,Mouse,Male,Cranky,Education,10/17,https://acnhcdn.com/latest/NpcBromide/NpcNmlMus01.png
Lionel,Lion,Male,Smug,Music,7/29,https://acnhcdn.com/latest/NpcBromide/NpcNmlLon08.png
Lobo,Wolf,Male,Cranky,Education,11/5,https://acnhcdn.com/latest/NpcBromide/NpcNmlWol01.png
Lolly,Cat,Female,Normal,Music,3/27,https://acnhcdn.com/latest/NpcBromide/NpcNmlCat18.png
Lopez,Deer,Male,Smug,Education,8/20,https://acnhcdn.com/latest/NpcBromide/NpcNmlDer05.png
Louie,Gorilla,Male,Jock,Fitness,3/26,https://acnhcdn.com/latest/NpcBromide/NpcNmlGor04.png
Lucha,Bird,Male,Smug,Fitness,12/12,https://acnhcdn.com/latest/NpcBromide/NpcNmlBrd15.png
Lucky,Dog,Male,Lazy,Play,11/4,https://acnhcdn.com/latest/NpcBromide/NpcNmlDog02.png
Lucy,Pig,Female,Normal,Music,6/2,https://acnhcdn.com/latest/NpcBromide/NpcNmlPig04.png
Lyman,Koala,Male,Jock,Play,10/12,https://acnhcdn.com/latest/NpcBromide/NpcNmlKal09.png
Mac,Dog,Male,Jock,Fitness,11/11,https://acnhcdn.com/latest/NpcBromide/NpcNmlDog14.png
Maddie,Dog,Female,Peppy,Play,1/11,https://acnhcdn.com/latest/NpcBromide/NpcNmlDog09.png
Maelle,Duck,Female,Snooty,Fashion,4/8,https://acnhcdn.com/latest/NpcBromide/NpcNmlDuk03.png
Maggie,Pig,Female,Normal,Nature,9/3,https://acnhcdn.com/latest/NpcBromide/NpcNmlPig10.png
Mallary,Duck,Female,Snooty,Fashion,11/17,https://acnhcdn.com/latest/NpcBromide/NpcNmlDuk06.png
Maple,Cub,Female,Normal,Education,6/15,https://acnhcdn.com/latest/NpcBromide/NpcNmlCbr01.png
Marcel,Dog,Male,Lazy,Play,12/31,https://acnhcdn.com/latest/NpcBromide/NpcNmlDog15.png
Marcie,Kangaroo,Female,Normal,Nature,5/31,https://acnhcdn.com/latest/NpcBromide/NpcNmlKgr10.png
Margie,Elephant,Female,Normal,Education,1/28,https://acnhcdn.com/latest/NpcBromide/NpcNmlElp04.png
Marina,Octopus,Female,Normal,Music,6/26,https://acnhcdn.com/latest/NpcBromide/NpcNmlOcp01.png
Marshal,Squirrel,Male,Smug,Music,9/29,https://acnhcdn.com/latest/NpcBromide/NpcNmlSqu17.png
Mathilda,Kangaroo,Female,Snooty,Fitness,11/12,https://acnhcdn.com/latest/NpcBromide/NpcNmlKgr01.png
Megan,Bear,Female,Normal,Nature,3/13,https://acnhcdn.com/latest/NpcBromide/NpcNmlBea15.png
Melba,Koala,Female,Normal,Education,4/12,https://acnhcdn.com/latest/NpcBromide/NpcNmlKal02.png
Merengue,Rhino,Female,Normal,Nature,3/19,https://acnhcdn.com/latest/NpcBromide/NpcNmlRhn07.png
Merry,Cat,Female,Peppy,Fashion,6/29,https://acnhcdn.com/latest/NpcBromide/NpcNmlCat16.png
Midge,Bird,Female,Normal,Education,3/12,https://acnhcdn.com/latest/NpcBromide/NpcNmlBrd08.png
Mint,Squirrel,Female,Snooty,Fashion,5/2,https://acnhcdn.com/latest/NpcBromide/NpcNmlSqu09.png
Mira,Rabbit,Female,Big Sister,Fitness,7/6,https://acnhcdn.com/latest/NpcBromide/NpcNmlRbt19.png
Miranda,Duck,Female,Snooty,Fashion,4/23,https://acnhcdn.com/latest/NpcBromide/NpcNmlDuk12.png
Mitzi,Cat,Female,Normal,Education,9/25,https://acnhcdn.com/latest/NpcBromide/NpcNmlCat01.png
Moe,Cat,Male,Lazy,Play,1/12,https://acnhcdn.com/latest/NpcBromide/NpcNmlCat08.png
Molly,Duck,Female,Normal,Nature,3/7,https://acnhcdn.com/latest/NpcBromide/NpcNmlDuk16.png
Monique,Cat,Female,Snooty,Fashion,9/30,https://acnhcdn.com/latest/NpcBromide/NpcNmlCat11.png
Monty,Monkey,Male,Cranky,Education,12/7,https://acnhcdn.com/latest/NpcBromide/NpcNmlMnk04.png
Moose,Mouse,Male,Jock,Fitness,9/13,https://acnhcdn.com/latest/NpcBromide/NpcNmlMus14.png
Mott,Lion,Male,Jock,Fitness,7/10,https://acnhcdn.com/latest/NpcBromide/NpcNmlLon06.png
Muffy,Sheep,Female,Big Sister,Music,2/14,https://acnhcdn.com/latest/NpcBromide/NpcNmlShp12.png
Murphy,Cub,Male,Cranky,Education,12/29,https://acnhcdn.com/latest/NpcBromide/NpcNmlCbr07.png
Nan,Goat,Female,Normal,Nature,8/24,https://acnhcdn.com/latest/NpcBromide/NpcNmlGoa01.png
Nana,Monkey,Female,Normal,Education,8/23,https://acnhcdn.com/latest/NpcBromide/NpcNmlMnk01.png
Naomi,Cow,Female,Snooty,Fashion,2/28,https://acnhcdn.com/latest/NpcBromide/NpcNmlCow07.png
Nate,Bear,Male,Lazy,Play,8/16,https://acnhcdn.com/latest/NpcBromide/NpcNmlBea05.png
Nibbles,Squirrel,Female,Peppy,Fashion,7/19,https://acnhcdn.com/latest/NpcBromide/NpcNmlSqu04.png
Norma,Cow,Female,Normal,Nature,9/20,https://acnhcdn.com/latest/NpcBromide/NpcNmlCow06.png
O'Hare,Rabbit,Male,Smug,Nature,7/24,https://acnhcdn.com/latest/NpcBromide/NpcNmlRbt15.png
Octavian,Octopus,Male,Cranky,Play,9/20,https://acnhcdn.com/latest/NpcBromide/NpcNmlOcp00.png
Olaf,Anteater,Male,Smug,Education,5/19,https://acnhcdn.com/latest/NpcBromide/NpcNmlAnt09.png
Olive,Cub,Female,Normal,Nature,7/12,https://acnhcdn.com/latest/NpcBromide/NpcNmlCbr09.png
Olivia,Cat,Female,Snooty,Music,2/3,https://acnhcdn.com/latest/NpcBromide/NpcNmlCat03.png
Opal,Elephant,Female,Snooty,Fashion,1/20,https://acnhcdn.com/latest/NpcBromide/NpcNmlElp00.png
Ozzie,Koala,Male,Lazy,Play,5/7,https://acnhcdn.com/latest/NpcBromide/NpcNmlKal05.png
Pancetti,Pig,Female,Snooty,Music,11/14,https://acnhcdn.com/latest/NpcBromide/NpcNmlPig16.png
Pango,Anteater,Female,Peppy,Fashion,11/9,https://acnhcdn.com/latest/NpcBromide/NpcNmlAnt02.png
Paolo,Elephant,Male,Lazy,Nature,5/5,https://acnhcdn.com/latest/NpcBromide/NpcNmlElp05.png
Papi,Horse,Male,Lazy,Nature,1/10,https://acnhcdn.com/latest/NpcBromide/NpcNmlHrs12.png
Pashmina,Goat,Female,Big Sister,Music,12/26,https://acnhcdn.com/latest/NpcBromide/NpcNmlGoa08.png
Pate,Duck,Female,Peppy,Fashion,2/23,https://acnhcdn.com/latest/NpcBromide/NpcNmlDuk02.png
Patty,Cow,Female,Peppy,Fashion,5/10,https://acnhcdn.com/latest/NpcBromide/NpcNmlCow00.png
Paula,Bear,Female,Big Sister,Fitness,3/22,https://acnhcdn.com/latest/NpcBromide/NpcNmlBea10.png
Peaches,Horse,Female,Normal,Education,11/28,https://acnhcdn.com/latest/NpcBromide/NpcNmlHrs08.png
Peanut,Squirrel,Female,Peppy,Fashion,6/8,https://acnhcdn.com/latest/NpcBromide/NpcNmlSqu00.png
Pecan,Squirrel,Female,Snooty,Fashion,9/10,https://acnhcdn.com/latest/NpcBromide/NpcNmlSqu03.png
Peck,Bird,Male,Jock,Play,7/25,https://acnhcdn.com/latest/NpcBromide/NpcNmlBrd17.png
Peewee,Gorilla,Male,Cranky,Fitness,9/11,https://acnhcdn.com/latest/NpcBromide/NpcNmlGor01.png
Peggy,Pig,Female,Peppy,Fashion,5/23,https://acnhcdn.com/latest/NpcBromide/NpcNmlPig11.png
Pekoe,Cub,Female,Normal,Nature,5/18,https://acnhcdn.com/latest/NpcBromide/NpcNmlCbr14.png
Penelope,Mouse,Female,Peppy,Fashion,2/5,https://acnhcdn.com/latest/NpcBromide/NpcNmlMus17.png
Phil,Ostrich,Male,Smug,Music,11/27,https://acnhcdn.com/latest/NpcBromide/NpcNmlOst07.png
Phoebe,Ostrich,Female,Big Sister,Fitness,4/22,https://acnhcdn.com/latest/NpcBromide/NpcNmlOst10.png
Pierce,Eagle,Male,Jock,Fitness,1/8,https://acnhcdn.com/latest/NpcBromide/NpcNmlPbr02.png
Pietro,Sheep,Male,Smug,Music,4/19,https://acnhcdn.com/latest/NpcBromide/NpcNmlShp13.png
Pinky,Bear,Female,Peppy,Fashion,9/9,https://acnhcdn.com/latest/NpcBromide/NpcNmlBea01.png
Piper,Bird,Female,Peppy,Play,4/18,https://acnhcdn.com/latest/NpcBromide/NpcNmlBrd05.png
Pippy,Rabbit,Female,Peppy,Fashion,6/14,https://acnhcdn.com/latest/NpcBromide/NpcNmlRbt06.png
Plucky,Chicken,Female,Big Sister,Play,10/12,https://acnhcdn.com/latest/NpcBromide/NpcNmlChn10.png
Pompom,Duck,Female,Peppy,Music,2/11,https://acnhcdn.com/latest/NpcBromide/NpcNmlDuk05.png
Poncho,Cub,Male,Jock,Fitness,1/2,https://acnhcdn.com/latest/NpcBromide/NpcNmlCbr02.png
Poppy,Squirrel,Female,Normal,Education,8/5,https://acnhcdn.com/latest/NpcBromide/NpcNmlSqu15.png
Portia,Dog,Female,Snooty,Fashion,10/25,https://acnhcdn.com/latest/NpcBromide/NpcNmlDog05.png
Prince,Frog,Male,Lazy,Play,7/21,https://acnhcdn.com/latest/NpcBromide/NpcNmlFlg12.png
Puck,Penguin,Male,Lazy,Fitness,2/21,https://acnhcdn.com/latest/NpcBromide/NpcNmlPgn06.png
Puddles,Frog,Female,Peppy,Fashion,1/13,https://acnhcdn.com/latest/NpcBromide/NpcNmlFlg06.png
Pudge,Cub,Male,Lazy,Play,6/11,https://acnhcdn.com/latest/NpcBromide/NpcNmlCbr03.png
Punchy,Cat,Male,Lazy,Play,4/11,https://acnhcdn.com/latest/NpcBromide/NpcNmlCat06.png
Purrl,Cat,Female,Snooty,Fashion,5/29,https://acnhcdn.com/latest/NpcBromide/NpcNmlCat07.png
Queenie,Ostrich,Female,Snooty,Fashion,11/13,https://acnhcdn.com/latest/NpcBromide/NpcNmlOst00.png
Quillson,Duck,Male,Smug,Music,12/22,https://acnhcdn.com/latest/NpcBromide/NpcNmlDuk17.png
Raddle,Frog,Male,Lazy,Nature,6/6,https://acnhcdn.com/latest/NpcBromide/NpcNmlFlg15.png
Rasher,Pig,Male,Cranky,Music,4/7,https://acnhcdn.com/latest/NpcBromide/NpcNmlPig02.png
Raymond,Cat,Male,Smug,Nature,10/1,https://acnhcdn.com/latest/NpcBromide/NpcNmlCat23.png
Ren√©e,Rhino,Female,Big Sister,Music,5/28,https://acnhcdn.com/latest/NpcBromide/NpcNmlRhn08.png
Reneigh,Horse,Female,Big Sister,Play,6/4,https://acnhcdn.com/latest/NpcBromide/NpcNmlHrs16.png
Rex,Lion,Male,Lazy,Nature,7/24,https://acnhcdn.com/latest/NpcBromide/NpcNmlLon02.png
Rhonda,Rhino,Female,Normal,Music,1/24,https://acnhcdn.com/latest/NpcBromide/NpcNmlRhn01.png
Ribbot,Frog,Male,Jock,Fitness,2/13,https://acnhcdn.com/latest/NpcBromide/NpcNmlFlg01.png
Ricky,Squirrel,Male,Cranky,Education,9/14,https://acnhcdn.com/latest/NpcBromide/NpcNmlSqu10.png
Rizzo,Mouse,Male,Cranky,Education,1/17,https://acnhcdn.com/latest/NpcBromide/NpcNmlMus09.png
Roald,Penguin,Male,Jock,Fitness,1/5,https://acnhcdn.com/latest/NpcBromide/NpcNmlPgn01.png
Robin,Bird,Female,Snooty,Fashion,12/4,https://acnhcdn.com/latest/NpcBromide/NpcNmlBrd01.png
Rocco,Hippo,Male,Cranky,Education,8/18,https://acnhcdn.com/latest/NpcBromide/NpcNmlHip00.png
Rocket,Gorilla,Female,Big Sister,Fitness,4/14,https://acnhcdn.com/latest/NpcBromide/NpcNmlGor09.png
Rod,Mouse,Male,Jock,Fitness,8/14,https://acnhcdn.com/latest/NpcBromide/NpcNmlMus05.png
Rodeo,Bull,Male,Lazy,Fitness,10/29,https://acnhcdn.com/latest/NpcBromide/NpcNmlBul01.png
Rodney,Hamster,Male,Smug,Music,11/10,https://acnhcdn.com/latest/NpcBromide/NpcNmlHam03.png
Rolf,Tiger,Male,Cranky,Fitness,8/22,https://acnhcdn.com/latest/NpcBromide/NpcNmlTig00.png
Rooney,Kangaroo,Male,Cranky,Fitness,12/1,https://acnhcdn.com/latest/NpcBromide/NpcNmlKgr09.png
Rory,Lion,Male,Jock,Music,8/7,https://acnhcdn.com/latest/NpcBromide/NpcNmlLon07.png
Roscoe,Horse,Male,Cranky,Music,6/16,https://acnhcdn.com/latest/NpcBromide/NpcNmlHrs04.png
Rosie,Cat,Female,Peppy,Music,2/27,https://acnhcdn.com/latest/NpcBromide/NpcNmlCat02.png
Rowan,Tiger,Male,Jock,Fitness,8/26,https://acnhcdn.com/latest/NpcBromide/NpcNmlTig01.png
Ruby,Rabbit,Female,Peppy,Nature,12/25,https://acnhcdn.com/latest/NpcBromide/NpcNmlRbt09.png
Rudy,Cat,Male,Jock,Play,12/20,https://acnhcdn.com/latest/NpcBromide/NpcNmlCat20.png
Sally,Squirrel,Female,Normal,Music,6/19,https://acnhcdn.com/latest/NpcBromide/NpcNmlSqu07.png
Samson,Mouse,Male,Jock,Fitness,7/5,https://acnhcdn.com/latest/NpcBromide/NpcNmlMus04.png
Sandy,Ostrich,Female,Normal,Nature,10/21,https://acnhcdn.com/latest/NpcBromide/NpcNmlOst02.png
Savannah,Horse,Female,Normal,Music,1/25,https://acnhcdn.com/latest/NpcBromide/NpcNmlHrs02.png
Scoot,Duck,Male,Jock,Fitness,6/13,https://acnhcdn.com/latest/NpcBromide/NpcNmlDuk10.png
Shari,Monkey,Female,Big Sister,Music,4/10,https://acnhcdn.com/latest/NpcBromide/NpcNmlMnk07.png
Sheldon,Squirrel,Male,Jock,Play,2/26,https://acnhcdn.com/latest/NpcBromide/NpcNmlSqu16.png
Shep,Dog,Male,Smug,Education,11/24,https://acnhcdn.com/latest/NpcBromide/NpcNmlDog18.png
Sherb,Goat,Male,Lazy,Nature,1/18,https://acnhcdn.com/latest/NpcBromide/NpcNmlGoa09.png
Simon,Monkey,Male,Lazy,Play,1/19,https://acnhcdn.com/latest/NpcBromide/NpcNmlMnk02.png
Skye,Wolf,Female,Normal,Music,3/24,https://acnhcdn.com/latest/NpcBromide/NpcNmlWol09.png
Sly,Alligator,Male,Jock,Play,11/15,https://acnhcdn.com/latest/NpcBromide/NpcNmlCrd06.png
Snake,Rabbit,Male,Jock,Fitness,11/3,https://acnhcdn.com/latest/NpcBromide/NpcNmlRbt03.png
Snooty,Anteater,Female,Snooty,Education,10/24,https://acnhcdn.com/latest/NpcBromide/NpcNmlAnt06.png
Soleil,Hamster,Female,Snooty,Education,8/9,https://acnhcdn.com/latest/NpcBromide/NpcNmlHam04.png
Sparro,Bird,Male,Jock,Play,11/20,https://acnhcdn.com/latest/NpcBromide/NpcNmlBrd18.png
Spike,Rhino,Male,Cranky,Nature,6/17,https://acnhcdn.com/latest/NpcBromide/NpcNmlRhn02.png
Spork,Pig,Male,Lazy,Play,9/3,https://acnhcdn.com/latest/NpcBromide/NpcNmlPig05.png
Sprinkle,Penguin,Female,Peppy,Play,2/20,https://acnhcdn.com/latest/NpcBromide/NpcNmlPgn14.png
Sprocket,Ostrich,Male,Jock,Music,12/1,https://acnhcdn.com/latest/NpcBromide/NpcNmlOst03.png
Static,Squirrel,Male,Cranky,Music,7/9,https://acnhcdn.com/latest/NpcBromide/NpcNmlSqu08.png
Stella,Sheep,Female,Normal,Nature,4/9,https://acnhcdn.com/latest/NpcBromide/NpcNmlShp03.png
Sterling,Eagle,Male,Jock,Fitness,12/11,https://acnhcdn.com/latest/NpcBromide/NpcNmlPbr07.png
Stinky,Cat,Male,Jock,Fitness,8/17,https://acnhcdn.com/latest/NpcBromide/NpcNmlCat13.png
Stitches,Cub,Male,Lazy,Play,2/10,https://acnhcdn.com/latest/NpcBromide/NpcNmlCbr05.png
Stu,Bull,Male,Lazy,Nature,4/20,https://acnhcdn.com/latest/NpcBromide/NpcNmlBul03.png
Sydney,Koala,Female,Normal,Music,6/21,https://acnhcdn.com/latest/NpcBromide/NpcNmlKal03.png
Sylvana,Squirrel,Female,Normal,Nature,10/22,https://acnhcdn.com/latest/NpcBromide/NpcNmlSqu14.png
Sylvia,Kangaroo,Female,Big Sister,Music,5/3,https://acnhcdn.com/latest/NpcBromide/NpcNmlKgr06.png
T-Bone,Bull,Male,Cranky,Education,5/20,https://acnhcdn.com/latest/NpcBromide/NpcNmlBul05.png
Tabby,Cat,Female,Peppy,Music,8/13,https://acnhcdn.com/latest/NpcBromide/NpcNmlCat12.png
Tad,Frog,Male,Jock,Play,8/3,https://acnhcdn.com/latest/NpcBromide/NpcNmlFlg09.png
Tammi,Monkey,Female,Peppy,Fashion,4/2,https://acnhcdn.com/latest/NpcBromide/NpcNmlMnk03.png
Tammy,Cub,Female,Big Sister,Play,6/23,https://acnhcdn.com/latest/NpcBromide/NpcNmlCbr17.png
Tangy,Cat,Female,Peppy,Music,6/17,https://acnhcdn.com/latest/NpcBromide/NpcNmlCat05.png
Tank,Rhino,Male,Jock,Fitness,5/6,https://acnhcdn.com/latest/NpcBromide/NpcNmlRhn00.png
Tasha,Squirrel,Female,Snooty,Fitness,11/30,https://acnhcdn.com/latest/NpcBromide/NpcNmlSqu13.png
Teddy,Bear,Male,Jock,Fitness,9/26,https://acnhcdn.com/latest/NpcBromide/NpcNmlBea00.png
Tex,Penguin,Male,Smug,Music,10/6,https://acnhcdn.com/latest/NpcBromide/NpcNmlPgn12.png
Tia,Elephant,Female,Normal,Nature,11/18,https://acnhcdn.com/latest/NpcBromide/NpcNmlElp10.png
Tiffany,Rabbit,Female,Snooty,Fashion,1/9,https://acnhcdn.com/latest/NpcBromide/NpcNmlRbt07.png
Timbra,Sheep,Female,Snooty,Education,10/21,https://acnhcdn.com/latest/NpcBromide/NpcNmlShp10.png
Tipper,Cow,Female,Snooty,Fashion,8/25,https://acnhcdn.com/latest/NpcBromide/NpcNmlCow01.png
Tom,Cat,Male,Cranky,Education,12/10,https://acnhcdn.com/latest/NpcBromide/NpcNmlCat15.png
Truffles,Pig,Female,Peppy,Fashion,7/28,https://acnhcdn.com/latest/NpcBromide/NpcNmlPig01.png
Tucker,Elephant,Male,Lazy,Nature,9/7,https://acnhcdn.com/latest/NpcBromide/NpcNmlElp09.png
Tutu,Bear,Female,Peppy,Fashion,9/15,https://acnhcdn.com/latest/NpcBromide/NpcNmlBea07.png
Twiggy,Bird,Female,Peppy,Fashion,7/13,https://acnhcdn.com/latest/NpcBromide/NpcNmlBrd03.png
Tybalt,Tiger,Male,Jock,Play,8/19,https://acnhcdn.com/latest/NpcBromide/NpcNmlTig02.png
Ursala,Bear,Female,Big Sister,Music,1/16,https://acnhcdn.com/latest/NpcBromide/NpcNmlBea08.png
Velma,Goat,Female,Snooty,Education,1/14,https://acnhcdn.com/latest/NpcBromide/NpcNmlGoa06.png
Vesta,Sheep,Female,Normal,Fashion,4/16,https://acnhcdn.com/latest/NpcBromide/NpcNmlShp00.png
Vic,Bull,Male,Cranky,Fitness,12/29,https://acnhcdn.com/latest/NpcBromide/NpcNmlBul08.png
Victoria,Horse,Female,Peppy,Fitness,7/11,https://acnhcdn.com/latest/NpcBromide/NpcNmlHrs01.png
Violet,Gorilla,Female,Snooty,Fitness,9/1,https://acnhcdn.com/latest/NpcBromide/NpcNmlGor07.png
Vivian,Wolf,Female,Snooty,Education,1/26,https://acnhcdn.com/latest/NpcBromide/NpcNmlWol08.png
Vladimir,Cub,Male,Cranky,Play,8/2,https://acnhcdn.com/latest/NpcBromide/NpcNmlCbr06.png
Wade,Penguin,Male,Lazy,Nature,10/30,https://acnhcdn.com/latest/NpcBromide/NpcNmlPgn09.png
Walker,Dog,Male,Lazy,Play,6/10,https://acnhcdn.com/latest/NpcBromide/NpcNmlDog06.png
Walt,Kangaroo,Male,Cranky,Fitness,4/24,https://acnhcdn.com/latest/NpcBromide/NpcNmlKgr08.png
Wart Jr.,Frog,Male,Cranky,Education,8/21,https://acnhcdn.com/latest/NpcBromide/NpcNmlFlg05.png
Weber,Duck,Male,Lazy,Nature,6/30,https://acnhcdn.com/latest/NpcBromide/NpcNmlDuk11.png
Wendy,Sheep,Female,Peppy,Fashion,8/15,https://acnhcdn.com/latest/NpcBromide/NpcNmlShp09.png
Whitney,Wolf,Female,Snooty,Fashion,9/17,https://acnhcdn.com/latest/NpcBromide/NpcNmlWol03.png
Willow,Sheep,Female,Snooty,Fashion,11/26,https://acnhcdn.com/latest/NpcBromide/NpcNmlShp07.png
Winnie,Horse,Female,Peppy,Fashion,1/31,https://acnhcdn.com/latest/NpcBromide/NpcNmlHrs05.png
Wolfgang,Wolf,Male,Cranky,Education,11/25,https://acnhcdn.com/latest/NpcBromide/NpcNmlWol02.png
Yuka,Koala,Female,Snooty,Fashion,7/20,https://acnhcdn.com/latest/NpcBromide/NpcNmlKal00.png
Zell,Deer,Male,Smug,Music,6/7,https://acnhcdn.com/latest/NpcBromide/NpcNmlDer02.png
Zucker,Octopus,Male,Lazy,Nature,3/8,https://acnhcdn.com/latest/NpcBromide/NpcNmlOcp02.png